mBank S.A., organizaèní sloka
Pernerova 691/42, 186 00 Praha 8
www.mBank.cz;
mLinka: 844 777 000;
#Klient;
JAN HÁJEK;
KOMENSKÉHO 481;
332 03 ŠÁHLAVY;
ÈESKÁ REPUBLIKA;


VİPIS Z ÚÈTU ZA ZVOLENÉ OBDOBÍ;

#Za období;
01.06.2026;31.08.2026;
#Vyhotoveno:;
24.09.2026;
#Zpùsob zasílání:;
elektronicky;

#Typ úètu:;
MKONTO;
#Mìna úètu:;
CZK;
#Èíslo úètu:;
670100-2231759259/6210;
#Procentní sazba na úètu:;
0,00%;

#Pøehled obratù na úètu za zvolené obdobi;#Poèet operací;#Èástka;
Kreditní poloky;3;1 000,00 CZK;
Debetní poloky;7;635,30 CZK;
Souèet;10;364,70 CZK;

;;;;;;#Poèáteèní zùstatek:;0,00 CZK;

#Datum zaúètování transakce;#Datum uskuteènìní transakce;#Popis transakce;#Zpráva pro pøíjemce;#Plátce/Pøíjemce;#Èíslo úètu plátce/pøíjemce;#KS;#VS;#SS;#Èástka transakce;#Úèetní zùstatek po transakci;
20-07-2026;20-07-2026;ZØÍZENÍ ÚÈTU;"";"  ";'';;;;0,00;0,00;
20-07-2026;20-07-2026;PØÍCHOZÍ OKAMITÁ PLATBA;"PLATBA QR KÓDEM";"JAN HÁJEK  ";'000000-0767628004/5500';;;;500,00;500,00;
22-07-2026;22-07-2026;PLATBA KARTOU;"Trafika Kaufland   /PLZEN - JI                                        DATUM PROVEDENÍ TRANSAKCE: 2026-07-21";"  ";'';;;;-160,00;340,00;
22-07-2026;22-07-2026;PLATBA KARTOU;"RADKA STEFLOVA     /Sedlec                                            DATUM PROVEDENÍ TRANSAKCE: 2026-07-21";"  ";'';;;;-115,00;225,00;
22-07-2026;22-07-2026;PLATBA KARTOU;"KAUFLAND CZ  1510  /PLZEN BORY                                        DATUM PROVEDENÍ TRANSAKCE: 2026-07-21";"  ";'';;;;-11,80;213,20;
23-07-2026;23-07-2026;PLATBA KARTOU;"RADKA STEFLOVA     /Sedlec                                            DATUM PROVEDENÍ TRANSAKCE: 2026-07-22";"  ";'';;;;-115,00;98,20;
24-07-2026;24-07-2026;PLATBA KARTOU;"RADKA STEFLOVA     /Sedlec                                            DATUM PROVEDENÍ TRANSAKCE: 2026-07-23";"  ";'';;;;-49,00;49,20;
09-08-2026;09-08-2026;PLATBA KARTOU;"Lidl dekuje za naku/Plzen                                             DATUM PROVEDENÍ TRANSAKCE: 2026-08-08";"  ";'';;;;-24,70;24,50;
29-08-2026;29-08-2026;PØÍCHOZÍ OKAMITÁ PLATBA;"";"JAN HÁJEK  ";'000000-0767628004/5500';;;;500,00;524,50;
31-08-2026;31-08-2026;PLATBA KARTOU;"GLOBUS VAM DEKUJE  /PRAHA 5                                           DATUM PROVEDENÍ TRANSAKCE: 2026-08-30";"  ";'';;;;-159,80;364,70;


;;;;;;#Koneènı zùstatek:;364,70 CZK;

Prosíme Vás o kontrolu uvedenıch údajù. V pøípadì jakıchkoliv nesrovnalostí nás kontaktujte.

mBank S.A., poboèka zahranièní banky je úèastníkem polského systému pojištìní vkladù a vklad na tomto úètu je chránìnı prostøednictvím polského Bankovního garanèního fondu - Bankowy Fundusz Gwarancyjny. 
Bliší informace naleznete v Informaèním formuláøi pro vkladatele na https://www.mbank.cz/informace-k-produktum/ochrana-vkladu/
